{
  "f1_score": 0.9618874773139746,
  "roc_auc": 0.9553377826588944,
  "precision": 0.9330985915492958,
  "recall": 0.9925093632958801
}